{
  "deny": {
    "precision": 1.0,
    "recall": 1.0,
    "f1-score": 1.0,
    "support": 17,
    "confused_with": {}
  },
  "indicate_emotions": {
    "precision": 1.0,
    "recall": 1.0,
    "f1-score": 1.0,
    "support": 23,
    "confused_with": {}
  },
  "goodbye": {
    "precision": 1.0,
    "recall": 0.96,
    "f1-score": 0.9795918367346939,
    "support": 25,
    "confused_with": {
      "greet": 1
    }
  },
  "greet": {
    "precision": 0.9444444444444444,
    "recall": 1.0,
    "f1-score": 0.9714285714285714,
    "support": 17,
    "confused_with": {}
  },
  "indicate_why_emotions": {
    "precision": 1.0,
    "recall": 1.0,
    "f1-score": 1.0,
    "support": 7,
    "confused_with": {}
  },
  "bot_challenge": {
    "precision": 1.0,
    "recall": 1.0,
    "f1-score": 1.0,
    "support": 4,
    "confused_with": {}
  },
  "thankful": {
    "precision": 1.0,
    "recall": 0.9333333333333333,
    "f1-score": 0.9655172413793104,
    "support": 15,
    "confused_with": {
      "mood_great": 1
    }
  },
  "affirm": {
    "precision": 1.0,
    "recall": 1.0,
    "f1-score": 1.0,
    "support": 13,
    "confused_with": {}
  },
  "mood_great": {
    "precision": 0.9583333333333334,
    "recall": 1.0,
    "f1-score": 0.9787234042553191,
    "support": 23,
    "confused_with": {}
  },
  "accuracy": 0.9861111111111112,
  "macro avg": {
    "precision": 0.9891975308641976,
    "recall": 0.9881481481481482,
    "f1-score": 0.9883623393108772,
    "support": 144
  },
  "weighted avg": {
    "precision": 0.9867862654320988,
    "recall": 0.9861111111111112,
    "f1-score": 0.9860936010501045,
    "support": 144
  }
}